sentence_code,domain,scenario,week_no,step_order,korean_basic,korean_standard,korean_real,english,vietnamese,uzbek,mongolian,chinese,key_vocabulary,grammar_pattern,situation_note,teacher_note,caution,learner_level,interpreting_level,practice_type,verification_status,is_public,version,created_at,updated_at
JOB-001,employment,면접,2,1,이름이 뭐예요?,성함이 어떻게 되십니까?,성함이 어떻게 되세요?,What is your name?,Tên bạn là gì?,Ismingiz nima?,Таны нэр хэн бэ?,您叫什么名字？,이름/성함,N이/가 어떻게 되십니까?,면접 시작 시 이름 확인,존댓말 반말 구분 설명,서류 이름 일치 확인,K1,I1,말하기/빈칸,V1,1,v0.2,Tue Jul 08 2025 16:00:00 GMT+0900 (Korean Standard Time),Tue Jul 08 2025 16:00:00 GMT+0900 (Korean Standard Time)
JOB-002,employment,면접,2,2,한국에서 일해 봤어요?,한국에서 근무한 경험이 있습니까?,한국 회사에서 일해 보신 적이 있으신가요?,Do you have work experience in Korea?,Bạn đã từng làm việc ở Hàn Quốc chưa?,Siz Koreyada ishlagan bo'lganmisiz?,Та Солонгост ажилласан туршлага байгаа юу?,您在韩国有工作经验吗？,일하다/근무/경험,V-아/어 보다,경력 확인 기본 질문,양쪽 대답 모두 연습,경험 없어도 괜찮다,K3,I2,말하기/객관식,V1,1,v0.2,Tue Jul 08 2025 16:00:00 GMT+0900 (Korean Standard Time),Tue Jul 08 2025 16:00:00 GMT+0900 (Korean Standard Time)
JOB-003,employment,근로계약,3,1,계약서를 써야 해요.,근로계약서를 작성해야 합니다.,지금 근로계약서를 작성하도록 하겠습니다.,You need to sign an employment contract.,Bạn cần ký hợp đồng lao động.,Mehnat shartnomasi tuzish kerak.,Хөдөлмөрийн гэрээ байгуулах хэрэгтэй.,您需要签订劳动合同。,계약서/근로계약서/작성,V-아/어야 합니다,근로계약서 작성 안내,서명 전 내용 확인 강조,위조 유도 표현 절대 금지,K4,I2,빈칸/객관식,V1,1,v0.2,Tue Jul 08 2025 16:00:00 GMT+0900 (Korean Standard Time),Tue Jul 08 2025 16:00:00 GMT+0900 (Korean Standard Time)
JOB-004,employment,근로계약,3,2,월급이 얼마예요?,임금은 얼마입니까?,급여가 어떻게 됩니까?,How much is the salary?,Lương là bao nhiêu?,Oylik maosh qancha?,Цалин хэд вэ?,工资是多少？,월급/임금/급여,N이/가 얼마입니까?,임금 확인 질문,시급 월급 구분 설명,최저임금 안내 연계,K3,I2,말하기/빈칸,V1,1,v0.2,Tue Jul 08 2025 16:00:00 GMT+0900 (Korean Standard Time),Tue Jul 08 2025 16:00:00 GMT+0900 (Korean Standard Time)
JOB-005,employment,근로계약,3,3,언제부터 일해요?,근무 시작일이 언제입니까?,언제부터 출근하시면 됩니까?,When do I start working?,Khi nào bắt đầu làm việc?,Qachondan boshlab ishlash kerak?,Хэзээнээс ажил эхлэх вэ?,从什么时候开始上班？,근무/시작일/출근,언제 V-습니까?,근무 시작일 확인,달력 보여주며 설명,날짜 표현 연습 필요,K3,I1,말하기/객관식,V1,1,v0.2,Tue Jul 08 2025 16:00:00 GMT+0900 (Korean Standard Time),Tue Jul 08 2025 16:00:00 GMT+0900 (Korean Standard Time)
JOB-006,employment,안전교육,6,1,장갑을 끼세요.,작업 전 장갑을 착용하세요.,작업 시작 전 반드시 안전장갑을 착용하여 주십시오.,Please wear gloves before work.,Hãy đeo găng tay trước khi làm việc.,Ish boshlashdan oldin qo'lqop kiyib oling.,Ажил эхлэхийн өмнө гар бээлий өмсөнө үү.,工作前请戴手套。,장갑/착용/작업,V-(으)세요,현장 안전 필수 표현,착용 의무 강조,안전장비 미착용 위험 설명,K3,I1,말하기/순서,V2,1,v0.2,Tue Jul 08 2025 16:00:00 GMT+0900 (Korean Standard Time),Tue Jul 08 2025 16:00:00 GMT+0900 (Korean Standard Time)
JOB-007,employment,안전교육,6,2,위험해요. 조심하세요.,위험하니 주의하시기 바랍니다.,해당 구역은 위험 구역입니다. 각별히 주의하십시오.,Danger! Please be careful.,Nguy hiểm! Hãy cẩn thận.,Xavfli! Ehtiyot bo'ling.,Аюултай! Болгоомжтой байгаарай.,危险！请注意。,위험/주의/조심,V-으세요,안전 경고 표현,실제 안전 사인 보여주며 설명,위험 구역 표시 연계,K2,I1,말하기/듣기,V2,1,v0.2,Tue Jul 08 2025 16:00:00 GMT+0900 (Korean Standard Time),Tue Jul 08 2025 16:00:00 GMT+0900 (Korean Standard Time)
JOB-008,employment,임금,7,1,월급은 언제 받아요?,월급은 언제 지급됩니까?,급여 지급일이 언제인지 알 수 있을까요?,When will I be paid?,Lương được trả vào ngày nào?,Oylik qachon to'lanadi?,Цалин хэзээ өгдөг вэ?,工资什么时候发放？,월급/지급/급여일,언제 V-습니까?,임금 지급일 확인,지급일 달력 표시,임금체불 권리 안내 연계,K3,I2,말하기/빈칸,V1,1,v0.2,Tue Jul 08 2025 16:00:00 GMT+0900 (Korean Standard Time),Tue Jul 08 2025 16:00:00 GMT+0900 (Korean Standard Time)
JOB-009,employment,임금,7,2,세금이 얼마예요?,세금은 얼마나 공제됩니까?,원천징수 세액이 얼마인지 확인할 수 있을까요?,How much tax is deducted?,Thuế khấu trừ là bao nhiêu?,Qancha soliq ushlab qolinadi?,Хичнээн татвар суутгах вэ?,扣税多少？,세금/공제/원천징수,N이/가 얼마입니까?,급여 공제 확인,급여명세서 보여주며 설명,세금 관련 전문가 상담 권고,K5,I3,빈칸/객관식,V1,1,v0.2,Tue Jul 08 2025 16:00:00 GMT+0900 (Korean Standard Time),Tue Jul 08 2025 16:00:00 GMT+0900 (Korean Standard Time)
JOB-010,employment,산재,10,1,일하다가 다쳤어요.,작업 중 부상을 입었습니다.,업무 중 부상이 발생하였습니다.,I was injured while working.,Tôi bị thương trong khi làm việc.,Men ishda jarohat oldim.,Ажлын явцад гэмтэл авлаа.,我在工作中受伤了。,다치다/부상/산재,V-다가 V,산업재해 신고 첫 문장,즉시 신고 강조,산재보험 권리 안내,K4,I3,말하기/상황판단,V1,1,v0.2,Tue Jul 08 2025 16:00:00 GMT+0900 (Korean Standard Time),Tue Jul 08 2025 16:00:00 GMT+0900 (Korean Standard Time)
JOB-011,employment,퇴사,11,1,그만두고 싶어요.,퇴사하고 싶습니다.,퇴직 의사를 말씀드리고 싶습니다.,I would like to resign.,Tôi muốn nghỉ việc.,Men ishdan ketmoqchiman.,Би ажлаасаа гарахыг хүсч байна.,我想辞职。,퇴사/그만두다/퇴직,V-고 싶습니다,퇴사 의사 표현,1개월 전 통보 원칙 설명,부당해고 권리 안내,K4,I2,말하기/객관식,V1,1,v0.2,Tue Jul 08 2025 16:00:00 GMT+0900 (Korean Standard Time),Tue Jul 08 2025 16:00:00 GMT+0900 (Korean Standard Time)
JOB-012,employment,퇴사,11,2,퇴직금을 받을 수 있어요?,퇴직금을 받을 수 있습니까?,퇴직금 지급 대상인지 확인하고 싶습니다.,Am I entitled to severance pay?,Tôi có được nhận trợ cấp thôi việc không?,Men ishdan ketish nafaqasini olish huquqiga egamiman?,Би тэтгэмж авах эрхтэй юу?,我有权获得遣散费吗？,퇴직금/지급/대상,V-(으)ㄹ 수 있습니까?,퇴직금 수급 확인,1년 이상 근무 조건 설명,노동부 상담 권고,K5,I3,빈칸/상황판단,V1,1,v0.2,Tue Jul 08 2025 16:00:00 GMT+0900 (Korean Standard Time),Tue Jul 08 2025 16:00:00 GMT+0900 (Korean Standard Time)
JOB-013,employment,면접,2,3,언제부터 일할 수 있어요?,언제부터 근무 가능합니까?,근무 가능 시작일이 언제이십니까?,When can you start working?,Bạn có thể bắt đầu làm việc từ khi nào?,Qachondan boshlab ishlashingiz mumkin?,Та хэзээнээс ажиллах боломжтой вэ?,您从什么时候可以开始工作？,가능/시작/근무,언제부터 V-(으)ㄹ 수 있습니까?,근무 시작 가능일 확인,비자 상태 확인 연계,날짜 표현 연습,K3,I2,말하기/빈칸,V1,1,v0.2,Tue Jul 08 2025 16:00:00 GMT+0900 (Korean Standard Time),Tue Jul 08 2025 16:00:00 GMT+0900 (Korean Standard Time)
JOB-014,employment,면접,2,4,어떤 일을 할 수 있어요?,어떤 업무가 가능합니까?,어떤 종류의 업무를 수행하실 수 있습니까?,What kind of work can you do?,Bạn có thể làm công việc gì?,Qanday ish qilishingiz mumkin?,Та ямар ажил хийж чадах вэ?,您能做什么工作？,업무/가능/종류,어떤 N이/가 가능합니까?,업무 능력 확인,직무 카드 보여주며 확인,경력증명서 연계,K3,I2,말하기/매칭,V1,1,v0.2,Tue Jul 08 2025 16:00:00 GMT+0900 (Korean Standard Time),Tue Jul 08 2025 16:00:00 GMT+0900 (Korean Standard Time)
JOB-015,employment,출근,4,1,몇 시에 출근해요?,몇 시까지 출근해야 합니까?,출근 시간이 몇 시입니까?,What time do I need to come to work?,Mấy giờ phải đến chỗ làm?,Necha soatda ishga kelish kerak?,Хэдэн цагт ажилд ирэх вэ?,几点上班？,출근/시간/몇 시,몇 시에 V-아/어야 합니까?,출근 시간 확인,지각 규정 함께 설명,시간 표현 연습,K2,I1,말하기/듣기,V1,1,v0.2,Tue Jul 08 2025 16:00:00 GMT+0900 (Korean Standard Time),Tue Jul 08 2025 16:00:00 GMT+0900 (Korean Standard Time)
JOB-016,employment,출근,4,2,어디에서 일해요?,근무 장소가 어디입니까?,근무지가 어디로 됩니까?,Where is the workplace?,Nơi làm việc ở đâu?,Ish joyi qayerda?,Ажлын байр хаана байдаг вэ?,工作地点在哪里？,근무/장소/어디,어디에서 V-습니까?,근무지 확인,교통 안내 연계,지도 보여주며 설명,K2,I1,말하기/객관식,V1,1,v0.2,Tue Jul 08 2025 16:00:00 GMT+0900 (Korean Standard Time),Tue Jul 08 2025 16:00:00 GMT+0900 (Korean Standard Time)
JOB-017,employment,작업지시,5,1,이것을 옮기세요.,이 물건을 옮겨 주세요.,해당 물품을 지정된 장소로 이동시켜 주십시오.,Please move this item.,Hãy di chuyển đồ vật này.,Bu narsani ko'chiring.,Энэ зүйлийг зөөж өгнө үү.,请移动这个物品。,옮기다/이동/물건,V-(으)세요,작업 지시 기본 표현,물건 가리키며 설명,무거운 물건 안전 주의,K2,I1,듣기/말하기,V1,1,v0.2,Tue Jul 08 2025 16:00:00 GMT+0900 (Korean Standard Time),Tue Jul 08 2025 16:00:00 GMT+0900 (Korean Standard Time)
JOB-018,employment,작업지시,5,2,이렇게 하면 돼요?,이렇게 하면 됩니까?,이 방법으로 진행하면 되겠습니까?,Is this the right way to do it?,Làm như thế này có được không?,Shunday qilsam bo'ladimi?,Ингэж хийвэл болох уу?,这样做可以吗？,방법/확인/되다,이렇게 V-으면 됩니까?,작업 방법 확인,실제로 해보이며 확인,잘못된 방법 교정 표현,K2,I1,말하기/상황판단,V1,1,v0.2,Tue Jul 08 2025 16:00:00 GMT+0900 (Korean Standard Time),Tue Jul 08 2025 16:00:00 GMT+0900 (Korean Standard Time)
JOB-019,employment,휴게,8,1,쉬는 시간이 언제예요?,휴게시간이 언제입니까?,휴게시간은 몇 시부터 몇 시까지입니까?,When is the break time?,Giờ nghỉ là khi nào?,Dam olish vaqti qachon?,Завсарлагааны цаг хэд вэ?,休息时间是几点？,휴게/쉬다/시간,언제 V-습니까?,휴게시간 확인,4시간 근무 후 30분 휴게 설명,법정 휴게시간 안내,K2,I1,말하기/듣기,V1,1,v0.2,Tue Jul 08 2025 16:00:00 GMT+0900 (Korean Standard Time),Tue Jul 08 2025 16:00:00 GMT+0900 (Korean Standard Time)
JOB-020,employment,휴가,8,2,연차가 며칠이에요?,연차 휴가가 며칠입니까?,연차 휴가는 며칠이나 됩니까?,How many days of annual leave do I have?,Tôi có bao nhiêu ngày nghỉ phép?,Necha kun ta'til bor?,Жилийн амралт хэдэн өдөр вэ?,我有几天年假？,연차/휴가/며칠,며칠 V-습니까?,연차 일수 확인,1년 근무 15일 기본 설명,연차 사용 신청 방법,K4,I2,말하기/객관식,V1,1,v0.2,Tue Jul 08 2025 16:00:00 GMT+0900 (Korean Standard Time),Tue Jul 08 2025 16:00:00 GMT+0900 (Korean Standard Time)
JOB-021,employment,면접,2,5,한국어를 할 수 있어요?,한국어로 의사소통이 가능합니까?,한국어 구사 능력이 어느 정도 됩니까?,Can you communicate in Korean?,Bạn có thể giao tiếp bằng tiếng Hàn không?,Koreyscha muloqot qila olasizmi?,Та Солонгос хэлээр харилцаж чадах уу?,您能用韩语交流吗？,한국어/의사소통/가능,V-(으)ㄹ 수 있습니까?,언어 능력 확인,레벨 표현 연습,솔직하게 말하도록 안내,K3,I2,말하기/객관식,V1,1,v0.2,Tue Jul 08 2025 16:00:00 GMT+0900 (Korean Standard Time),Tue Jul 08 2025 16:00:00 GMT+0900 (Korean Standard Time)
JOB-022,employment,면접,2,6,가족이 있어요?,가족 관계가 어떻게 됩니까?,가족 사항을 말씀해 주시겠습니까?,Can you tell me about your family?,Bạn có thể cho tôi biết về gia đình bạn không?,Oilangiz haqida gapirib bering.,Гэр бүлийн байдлаа хэлнэ үү.,请介绍一下您的家庭情况。,가족/관계/결혼,가족 관계가 어떻게 됩니까?,가족 관계 확인,개인정보 보호 안내,민감 정보 주의,K3,I2,말하기/빈칸,V1,1,v0.2,Tue Jul 08 2025 16:00:00 GMT+0900 (Korean Standard Time),Tue Jul 08 2025 16:00:00 GMT+0900 (Korean Standard Time)
JOB-023,employment,안전교육,6,3,안전모를 써야 해요.,안전모를 착용해야 합니다.,작업 구역 내에서는 반드시 안전모를 착용하십시오.,You must wear a hard hat.,Bạn phải đội mũ bảo hộ.,Xavfsizlik dubulg'asini kiyish shart.,Дуулга заавал өмсөх ёстой.,必须戴安全帽。,안전모/착용/필수,V-아/어야 합니다,안전모 착용 의무,착용 방법 시범,미착용 시 처벌 안내,K3,I1,말하기/듣기,V2,1,v0.2,Tue Jul 08 2025 16:00:00 GMT+0900 (Korean Standard Time),Tue Jul 08 2025 16:00:00 GMT+0900 (Korean Standard Time)
JOB-024,employment,안전교육,6,4,비상구가 어디예요?,비상구는 어디에 있습니까?,비상 탈출구의 위치가 어디입니까?,Where is the emergency exit?,Lối thoát hiểm ở đâu?,Favqulodda chiqish qayerda?,Яаралтай гарах хаалга хаана байна вэ?,紧急出口在哪里？,비상구/위치/탈출,어디에 있습니까?,비상구 위치 확인,실제 비상구 가리키며 설명,대피 경로 함께 안내,K2,I1,말하기/듣기,V2,1,v0.2,Tue Jul 08 2025 16:00:00 GMT+0900 (Korean Standard Time),Tue Jul 08 2025 16:00:00 GMT+0900 (Korean Standard Time)
JOB-025,employment,안전교육,6,5,소화기가 어디 있어요?,소화기는 어디에 있습니까?,소화기의 위치를 알고 계십니까?,Where is the fire extinguisher?,Bình chữa cháy ở đâu?,O't o'chiruvchi qayerda?,Гал унтраагч хаана байна вэ?,灭火器在哪里？,소화기/위치/화재,어디에 있습니까?,소화기 위치 확인,사용법 함께 설명,화재 신고 번호 119,K2,I1,말하기/듣기,V2,1,v0.2,Tue Jul 08 2025 16:00:00 GMT+0900 (Korean Standard Time),Tue Jul 08 2025 16:00:00 GMT+0900 (Korean Standard Time)
JOB-026,employment,임금체불,7,3,월급을 못 받았어요.,임금을 지급받지 못했습니다.,약정된 임금이 지급되지 않았습니다.,I have not received my wage.,Tôi chưa nhận được lương.,Maoshimni olmadim.,Цалингаа аваагүй байна.,我没有收到工资。,임금체불/미지급/신고,V-지 못했습니다,임금체불 신고 첫 문장,노동청 신고 방법 안내,증거 보관 강조,K4,I3,말하기/상황판단,V1,1,v0.2,Tue Jul 08 2025 16:00:00 GMT+0900 (Korean Standard Time),Tue Jul 08 2025 16:00:00 GMT+0900 (Korean Standard Time)
JOB-027,employment,임금체불,7,4,노동청에 신고하고 싶어요.,고용노동부에 신고하겠습니다.,고용노동부에 임금체불 진정서를 제출하겠습니다.,I would like to file a complaint with the labor office.,Tôi muốn khiếu nại lên cơ quan lao động.,Men mehnat idorasiga shikoyat qilmoqchiman.,Би хөдөлмөрийн газарт гомдол гаргахыг хүсч байна.,我想向劳动局投诉。,노동청/신고/진정서,N에 신고하겠습니다,임금체불 신고 절차,1350 고용노동부 전화 안내,증거자료 준비 강조,K5,I3,말하기/상황판단,V1,1,v0.2,Tue Jul 08 2025 16:00:00 GMT+0900 (Korean Standard Time),Tue Jul 08 2025 16:00:00 GMT+0900 (Korean Standard Time)
JOB-028,employment,산재,10,2,병원에 가야 해요.,병원 진료를 받아야 합니다.,산업재해로 인한 치료가 필요합니다.,I need to go to the hospital.,Tôi cần đi bệnh viện.,Men kasalxonaga borishim kerak.,Би эмнэлэгт очих хэрэгтэй.,我需要去医院。,병원/산재/치료,V-아/어야 합니다,산재 후 병원 안내,산재 지정병원 안내,사업주 동의 불필요 설명,K3,I2,말하기/듣기,V1,1,v0.2,Tue Jul 08 2025 16:00:00 GMT+0900 (Korean Standard Time),Tue Jul 08 2025 16:00:00 GMT+0900 (Korean Standard Time)
JOB-029,employment,사업장변경,12,1,회사를 바꾸고 싶어요.,사업장을 변경하고 싶습니다.,사업장 변경 신청을 하러 왔습니다.,I would like to change my workplace.,Tôi muốn thay đổi nơi làm việc.,Men ish joyimni o'zgartirmoqchiman.,Би ажлын байраа сольмоор байна.,我想更换工作场所。,사업장변경/신청/고용허가,V-고 싶습니다,사업장 변경 신청,3개월 이내 구직 활동 안내,변경 사유 확인,K5,I3,말하기/객관식,V1,1,v0.2,Tue Jul 08 2025 16:00:00 GMT+0900 (Korean Standard Time),Tue Jul 08 2025 16:00:00 GMT+0900 (Korean Standard Time)
JOB-030,employment,기숙사,12,2,기숙사 규칙이 뭐예요?,기숙사 생활 규칙이 어떻게 됩니까?,기숙사 입주 시 지켜야 할 규칙을 알려 주십시오.,What are the dormitory rules?,Quy tắc ký túc xá là gì?,Yotoqxona qoidalari nima?,Дотуур байрны дүрэм юу вэ?,宿舍规则是什么？,기숙사/규칙/생활,규칙이 어떻게 됩니까?,기숙사 규정 확인,통금 시간 등 주요 규칙 설명,외부인 출입 규정 안내,K4,I2,듣기/객관식,V1,1,v0.2,Tue Jul 08 2025 16:00:00 GMT+0900 (Korean Standard Time),Tue Jul 08 2025 16:00:00 GMT+0900 (Korean Standard Time)
LEGAL-001,legal,신원확인,2,1,이름을 말해 주세요.,성명을 말씀해 주세요.,성명을 말씀해 주시겠습니까?,Please state your full name.,Vui lòng cho biết họ tên.,Ismingizni ayting.,Нэрээ хэлж өгнө үү.,请说出您的姓名。,성명/이름/신원,V-(으)세요,신원확인 첫 번째 문장,이름 철자 반드시 확인,중립적 통역 필수,K1,I1,말하기/듣기,V1,1,v0.2,Tue Jul 08 2025 16:00:00 GMT+0900 (Korean Standard Time),Tue Jul 08 2025 16:00:00 GMT+0900 (Korean Standard Time)
LEGAL-002,legal,통역확인,3,1,통역을 이해해요?,통역인의 말을 이해할 수 있습니까?,통역인의 통역 내용을 이해하고 계십니까?,Can you understand the interpreter?,Bạn có hiểu lời thông dịch viên không?,Tarjimonning so'zlarini tushunasizmi?,Орчуулагчийн үгийг ойлгож байна уу?,您能理解翻译吗？,통역/이해/가능,V-(으)ㄹ 수 있습니까?,통역 이해 여부 확인,반드시 중립 유지,예 아니오 확인 후 진행,K4,I2,말하기/객관식,V1,1,v0.2,Tue Jul 08 2025 16:00:00 GMT+0900 (Korean Standard Time),Tue Jul 08 2025 16:00:00 GMT+0900 (Korean Standard Time)
LEGAL-003,legal,권리고지,4,1,말하지 않을 권리가 있어요.,진술을 거부할 권리가 있습니다.,귀하는 진술을 거부할 권리가 있습니다.,You have the right to remain silent.,Bạn có quyền từ chối khai báo.,Siz ko'rsatuv berishni rad etish huquqiga egasiz.,Та мэдүүлэг өгөхөөс татгалзах эрхтэй.,您有权拒绝陈述。,진술/거부/권리,N을/를 거부할 권리가 있습니다,진술거부권 고지,법률 자문 아님 명시,그대로 통역 필수,K4,I3,듣기/객관식,V1,1,v0.2,Tue Jul 08 2025 16:00:00 GMT+0900 (Korean Standard Time),Tue Jul 08 2025 16:00:00 GMT+0900 (Korean Standard Time)
LEGAL-004,legal,권리고지,4,2,변호사 도움을 받을 수 있어요.,변호인의 도움을 받을 권리가 있습니다.,귀하는 변호인의 조력을 받을 권리가 있습니다.,You have the right to consult with an attorney.,Bạn có quyền nhờ luật sư tư vấn.,Siz advokatning yordamini olish huquqiga egasiz.,Та өмгөөлөгчийн туслалцаа авах эрхтэй.,您有权咨询律师。,변호인/변호사/권리,N의 도움을 받을 권리,변호인 조력권 고지,counsel과 attorney 구분,추가 설명 절대 금지,K5,I3,듣기/객관식,V1,1,v0.2,Tue Jul 08 2025 16:00:00 GMT+0900 (Korean Standard Time),Tue Jul 08 2025 16:00:00 GMT+0900 (Korean Standard Time)
LEGAL-005,legal,진술서,9,1,이 말이 맞아요?,이 진술은 사실과 다름없습니까?,이 진술 내용이 사실과 다름없다고 확인하십니까?,Is this statement true and accurate?,Lời khai này có đúng sự thật không?,Bu ko'rsatuv haqiqatga muvofiqmi?,Энэ мэдүүлэг үнэн зөв үү?,这份陈述是否属实？,진술서/사실/확인,N이/가 사실과 다름없습니까?,진술서 최종 확인,서명 전 반드시 확인,내용 변경 유도 금지,K5,I3,말하기/상황판단,V1,1,v0.2,Tue Jul 08 2025 16:00:00 GMT+0900 (Korean Standard Time),Tue Jul 08 2025 16:00:00 GMT+0900 (Korean Standard Time)
LEGAL-006,legal,신원확인,2,2,생년월일을 말해 주세요.,생년월일을 말씀해 주세요.,생년월일이 어떻게 되십니까?,Please state your date of birth.,Vui lòng cho biết ngày sinh.,Tug'ilgan sanangizni ayting.,Төрсөн огноогоо хэлж өгнө үү.,请说出您的出生日期。,생년월일/날짜/확인,생년월일이 어떻게 되십니까?,신원확인 두 번째 문장,날짜 형식 확인,여권과 대조 확인,K2,I1,말하기/듣기,V1,1,v0.2,Tue Jul 08 2025 16:00:00 GMT+0900 (Korean Standard Time),Tue Jul 08 2025 16:00:00 GMT+0900 (Korean Standard Time)
LEGAL-007,legal,신원확인,2,3,어디에 살아요?,현재 주소가 어떻게 됩니까?,현재 거주지 주소를 말씀해 주시겠습니까?,What is your current address?,Địa chỉ hiện tại của bạn là gì?,Hozirgi manzilingiz qanday?,Таны одоогийн хаяг хаана байна вэ?,您目前的地址是什么？,주소/거주지/현재,주소가 어떻게 됩니까?,주소 확인,외국인등록증 주소 대조,주소 표기 방식 안내,K3,I2,말하기/빈칸,V1,1,v0.2,Tue Jul 08 2025 16:00:00 GMT+0900 (Korean Standard Time),Tue Jul 08 2025 16:00:00 GMT+0900 (Korean Standard Time)
LEGAL-008,legal,사건질문,5,1,언제 일어났어요?,사건은 언제 발생했습니까?,해당 사건이 언제 발생하였습니까?,When did the incident occur?,Sự việc xảy ra khi nào?,Hodisa qachon sodir bo'ldi?,Хэрэг хэзээ болсон бэ?,事件是什么时候发生的？,사건/발생/언제,언제 V-았/었습니까?,사건 발생 시각 확인,날짜와 시간 모두 확인,정확한 통역 필수,K4,I3,듣기/말하기,V1,1,v0.2,Tue Jul 08 2025 16:00:00 GMT+0900 (Korean Standard Time),Tue Jul 08 2025 16:00:00 GMT+0900 (Korean Standard Time)
LEGAL-009,legal,사건질문,5,2,어디서 일어났어요?,사건은 어디에서 발생했습니까?,해당 사건이 발생한 장소가 어디입니까?,Where did the incident occur?,Sự việc xảy ra ở đâu?,Hodisa qayerda sodir bo'ldi?,Хэрэг хаана болсон бэ?,事件发生在哪里？,장소/발생/어디,어디에서 V-았/었습니까?,사건 발생 장소 확인,지도나 그림으로 확인,장소 명칭 정확히 통역,K3,I2,듣기/말하기,V1,1,v0.2,Tue Jul 08 2025 16:00:00 GMT+0900 (Korean Standard Time),Tue Jul 08 2025 16:00:00 GMT+0900 (Korean Standard Time)
LEGAL-010,legal,사건질문,5,3,누구랑 있었어요?,누구와 함께 있었습니까?,사건 당시 누구와 함께 있었습니까?,Who were you with at the time?,Bạn ở cùng ai vào thời điểm đó?,O'sha paytda kim bilan edingiz?,Тэр үед хэнтэй байсан бэ?,当时你和谁在一起？,누구/함께/동행,누구와 함께 V-았/었습니까?,동행인 확인,이름과 관계 모두 확인,중립적 통역 필수,K3,I2,듣기/말하기,V1,1,v0.2,Tue Jul 08 2025 16:00:00 GMT+0900 (Korean Standard Time),Tue Jul 08 2025 16:00:00 GMT+0900 (Korean Standard Time)
LEGAL-011,legal,권리고지,4,3,통역사를 요청할 수 있어요.,통역인을 요청할 권리가 있습니다.,귀하는 통역인의 도움을 요청할 권리가 있습니다.,You have the right to request an interpreter.,Bạn có quyền yêu cầu phiên dịch.,Siz tarjimon so'rash huquqiga egasiz.,Та орчуулагч хүсэх эрхтэй.,您有权要求口译员。,통역사/요청/권리,N을/를 요청할 권리가 있습니다,통역인 요청권 고지,중립 통역 원칙 설명,사적 대화 금지,K5,I3,듣기/객관식,V1,1,v0.2,Tue Jul 08 2025 16:00:00 GMT+0900 (Korean Standard Time),Tue Jul 08 2025 16:00:00 GMT+0900 (Korean Standard Time)
LEGAL-012,legal,피해자진술,6,1,무슨 일이 있었어요?,어떤 일이 발생했습니까?,사건 경위를 말씀해 주시겠습니까?,Can you tell me what happened?,Bạn có thể cho tôi biết chuyện gì đã xảy ra không?,Nima bo'lganini aytib bera olasizmi?,Юу болсныг хэлж өгнө үү.,您能告诉我发生了什么吗？,사건/경위/진술,어떤 일이 V-았/었습니까?,피해자 진술 시작,천천히 말하도록 안내,감정적 지지 표현 금지,K4,I3,듣기/말하기,V1,1,v0.2,Tue Jul 08 2025 16:00:00 GMT+0900 (Korean Standard Time),Tue Jul 08 2025 16:00:00 GMT+0900 (Korean Standard Time)
LEGAL-013,legal,피해자진술,6,2,얼마나 다쳤어요?,어느 정도 부상을 입었습니까?,피해 정도가 어떻게 됩니까?,How badly were you injured?,Bạn bị thương như thế nào?,Qanchalik jarohat oldingiz?,Та хэр зэрэг гэмтэв?,您受伤程度如何？,부상/피해/정도,어느 정도 V-았/었습니까?,피해 정도 확인,신체 그림으로 확인,진단서 제출 안내,K4,I3,듣기/말하기,V1,1,v0.2,Tue Jul 08 2025 16:00:00 GMT+0900 (Korean Standard Time),Tue Jul 08 2025 16:00:00 GMT+0900 (Korean Standard Time)
LEGAL-014,legal,진술서,9,2,서명해 주세요.,여기에 서명해 주십시오.,진술서 하단에 서명을 해주시겠습니까?,Please sign here.,Vui lòng ký tên tại đây.,Bu yerga imzo qo'ying.,Энд гарын үсэг зурна уу.,请在这里签名。,서명/진술서/확인,V-(으)세요,진술서 서명 요청,서명 전 내용 재확인,강요 표현 절대 금지,K3,I2,말하기/듣기,V1,1,v0.2,Tue Jul 08 2025 16:00:00 GMT+0900 (Korean Standard Time),Tue Jul 08 2025 16:00:00 GMT+0900 (Korean Standard Time)
LEGAL-015,legal,법정,10,1,선서를 해주세요.,선서를 해주시겠습니까?,증인으로서 선서를 해주시기 바랍니다.,Please take an oath.,Vui lòng tuyên thệ.,Qasamyod qiling.,Тангараг өргөнө үү.,请宣誓。,선서/증인/법정,V-아/어 주세요,법정 선서,선서 의미 설명,위증 처벌 안내,K5,I4,듣기/말하기,V1,1,v0.2,Tue Jul 08 2025 16:00:00 GMT+0900 (Korean Standard Time),Tue Jul 08 2025 16:00:00 GMT+0900 (Korean Standard Time)
MED-001,medical,접수,1,1,예약했어요?,예약하셨습니까?,오늘 진료 예약하고 오셨나요?,Do you have an appointment?,Bạn đã đặt lịch hẹn chưa?,Uchrashuvni band qildingizmi?,Цаг авсан уу?,您预约了吗？,예약/진료/접수,V-셨습니까?,병원 접수 첫 번째 확인,예약 없으면 대기 안내,예약명 반드시 확인,K2,I1,말하기/객관식,V2,1,v0.2,Tue Jul 08 2025 16:00:00 GMT+0900 (Korean Standard Time),Tue Jul 08 2025 16:00:00 GMT+0900 (Korean Standard Time)
MED-002,medical,증상,3,1,어디가 아파요?,어디가 아프십니까?,어디가 불편하신가요?,Where does it hurt?,Bạn đau ở đâu?,Qaerdan og'riq his qilyapsiz?,Та хаана өвдөж байна вэ?,您哪里不舒服？,통증/아프다/부위,어디가 V-으십니까?,증상 확인 첫 번째,신체 그림으로 확인,정확한 부위 통역 필수,K1,I1,말하기/듣기,V2,1,v0.2,Tue Jul 08 2025 16:00:00 GMT+0900 (Korean Standard Time),Tue Jul 08 2025 16:00:00 GMT+0900 (Korean Standard Time)
MED-003,medical,증상,3,2,언제부터 아팠어요?,증상이 언제부터 시작됐습니까?,언제부터 증상이 나타났습니까?,When did the symptoms start?,Triệu chứng bắt đầu từ khi nào?,Belgilar qachondan boshlandi?,Шинж тэмдэг хэзээнээс эхэлсэн бэ?,症状从什么时候开始的？,증상/시작/언제,언제부터 V-았/었습니까?,발병 시점 확인,날짜와 시간 정확히,의료 자문 금지,K3,I2,말하기/빈칸,V1,1,v0.2,Tue Jul 08 2025 16:00:00 GMT+0900 (Korean Standard Time),Tue Jul 08 2025 16:00:00 GMT+0900 (Korean Standard Time)
MED-004,medical,문진,5,1,알레르기 있어요?,약물 알레르기가 있습니까?,현재 복용 중인 약이나 알레르기가 있으십니까?,Do you have any allergies?,Bạn có bị dị ứng không?,Allergiyangiz bormi?,Та харшилтай юм уу?,您有过敏症吗？,알레르기/약물/반응,N이/가 있습니까?,알레르기 확인 매우 중요,생명 위험 가능 V3 필요,반드시 정확하게 통역,K4,I3,말하기/객관식,V1,1,v0.2,Tue Jul 08 2025 16:00:00 GMT+0900 (Korean Standard Time),Tue Jul 08 2025 16:00:00 GMT+0900 (Korean Standard Time)
MED-005,medical,처방,8,1,하루에 세 번 드세요.,하루 세 번 식후에 복용하세요.,하루에 세 번 식사 후 30분에 복용하십시오.,Take this three times a day after meals.,Uống thuốc 3 lần mỗi ngày sau bữa ăn.,Kuniga uch marta ovqatdan keyin iching.,Өдөрт гурван удаа хоолны дараа уугаарай.,每天饭后服用三次。,복용/식후/횟수,하루 N번 V-(으)세요,복약 지도,용량 확인 필수,임의 복용 중단 금지,K3,I2,듣기/빈칸,V2,1,v0.2,Tue Jul 08 2025 16:00:00 GMT+0900 (Korean Standard Time),Tue Jul 08 2025 16:00:00 GMT+0900 (Korean Standard Time)
MED-006,medical,접수,1,2,신분증을 보여 주세요.,신분증을 제시해 주십시오.,신분증 또는 외국인등록증을 보여 주시겠습니까?,Please show your ID.,Vui lòng xuất trình giấy tờ tùy thân.,Shaxsiy hujjatingizni ko'rsating.,Үнэмлэхээ үзүүлнэ үү.,请出示您的身份证。,신분증/외국인등록증/제시,N을/를 보여 주세요,접수 신분 확인,외국인등록증 또는 여권,건강보험증 함께 확인,K2,I1,말하기/듣기,V1,1,v0.2,Tue Jul 08 2025 16:00:00 GMT+0900 (Korean Standard Time),Tue Jul 08 2025 16:00:00 GMT+0900 (Korean Standard Time)
MED-007,medical,응급,15,1,숨이 차요.,숨이 차고 가슴이 아픕니다.,호흡 곤란과 흉통이 있습니다.,I have difficulty breathing and chest pain.,Tôi khó thở và đau ngực.,Nafas olish qiyin va ko'krak og'riq.,Амьсгал хурааж цээжинд өвдөж байна.,我呼吸困难胸口疼痛。,응급/호흡/흉통,증상 나열 표현,응급 상황 표현,즉시 응급팀 호출,정확한 증상 통역 필수,K4,I3,듣기/상황판단,V1,1,v0.2,Tue Jul 08 2025 16:00:00 GMT+0900 (Korean Standard Time),Tue Jul 08 2025 16:00:00 GMT+0900 (Korean Standard Time)
MED-008,medical,문진,5,2,전에 무슨 병이 있었어요?,과거 병력이 있습니까?,이전에 앓았던 질환이 있으십니까?,Do you have any medical history?,Bạn có tiền sử bệnh lý nào không?,Avvalgi kasalligingiz bormi?,Та өмнө нь ямар өвчин туссан бэ?,您有什么既往病史吗？,병력/과거/질환,과거 N이/가 있습니까?,과거 병력 확인,만성질환 목록 확인,진단서 있으면 제시,K4,I2,말하기/빈칸,V1,1,v0.2,Tue Jul 08 2025 16:00:00 GMT+0900 (Korean Standard Time),Tue Jul 08 2025 16:00:00 GMT+0900 (Korean Standard Time)
MED-009,medical,검사,6,1,피 검사가 필요해요.,혈액 검사가 필요합니다.,혈액 검사를 진행하도록 하겠습니다.,A blood test is needed.,Cần xét nghiệm máu.,Qon tahlili kerak.,Цусны шинжилгээ хийх шаардлагатай.,需要做血液检查。,혈액/검사/피,N이/가 필요합니다,검사 안내,금식 여부 확인,검사 전 주의사항 설명,K4,I2,듣기/객관식,V1,1,v0.2,Tue Jul 08 2025 16:00:00 GMT+0900 (Korean Standard Time),Tue Jul 08 2025 16:00:00 GMT+0900 (Korean Standard Time)
MED-010,medical,퇴원,14,1,내일 퇴원할 수 있어요.,내일 퇴원하실 수 있습니다.,내일 퇴원 처리가 가능하십니다.,You can be discharged tomorrow.,Bạn có thể xuất viện vào ngày mai.,Ertaga kasalxonadan chiqishingiz mumkin.,Маргааш эмнэлгээс гарч болно.,您明天可以出院。,퇴원/내일/가능,V-(으)ㄹ 수 있습니다,퇴원 안내,퇴원 후 주의사항 전달,외래 예약 확인,K4,I2,듣기/말하기,V1,1,v0.2,Tue Jul 08 2025 16:00:00 GMT+0900 (Korean Standard Time),Tue Jul 08 2025 16:00:00 GMT+0900 (Korean Standard Time)
MED-011,medical,증상,3,3,열이 있어요?,열이 있으십니까?,체온이 높으십니까?,Do you have a fever?,Bạn có bị sốt không?,Haroratiz bormi?,Та халуурч байна уу?,您发烧了吗？,열/체온/발열,N이/가 있으십니까?,발열 확인,체온계 사용 설명,해열제 복용 안내,K2,I1,말하기/듣기,V2,1,v0.2,Tue Jul 08 2025 16:00:00 GMT+0900 (Korean Standard Time),Tue Jul 08 2025 16:00:00 GMT+0900 (Korean Standard Time)
MED-012,medical,증상,3,4,얼마나 아파요?,통증이 어느 정도입니까?,통증의 강도가 어느 정도 됩니까?,How severe is the pain?,Mức độ đau như thế nào?,Og'riq qanchalik kuchli?,Өвдөлт хэр хүчтэй вэ?,疼痛程度如何？,통증/강도/정도,얼마나 V-으십니까?,통증 강도 확인,1-10 척도로 확인,표정 카드 활용,K3,I2,말하기/듣기,V2,1,v0.2,Tue Jul 08 2025 16:00:00 GMT+0900 (Korean Standard Time),Tue Jul 08 2025 16:00:00 GMT+0900 (Korean Standard Time)
MED-013,medical,처방,8,2,이 약은 졸려요.,이 약은 졸음을 유발할 수 있습니다.,이 약을 복용하시면 졸음이 올 수 있습니다.,This medicine may cause drowsiness.,Thuốc này có thể gây buồn ngủ.,Bu dori uyquchanlikka olib kelishi mumkin.,Энэ эм нойрмоглуулж болно.,这种药可能会引起嗜睡。,약/졸음/부작용,N이/가 V-(으)ㄹ 수 있습니다,약 부작용 안내,운전 금지 안내,음주 금지 안내,K4,I2,듣기/빈칸,V2,1,v0.2,Tue Jul 08 2025 16:00:00 GMT+0900 (Korean Standard Time),Tue Jul 08 2025 16:00:00 GMT+0900 (Korean Standard Time)
MED-014,medical,수술동의,12,1,수술이 필요해요.,수술이 필요합니다.,수술적 치료가 필요한 상황입니다.,Surgery is necessary.,Cần phải phẫu thuật.,Operatsiya kerak.,Мэс засал хийх шаардлагатай.,需要手术。,수술/필요/동의,N이/가 필요합니다,수술 필요성 안내,동의서 설명 필수,보호자 동석 권고,K5,I4,듣기/상황판단,V1,1,v0.2,Tue Jul 08 2025 16:00:00 GMT+0900 (Korean Standard Time),Tue Jul 08 2025 16:00:00 GMT+0900 (Korean Standard Time)
MED-015,medical,건강보험,2,1,건강보험이 있어요?,건강보험증이 있으십니까?,건강보험 가입 여부를 확인해도 될까요?,Do you have health insurance?,Bạn có bảo hiểm y tế không?,Sog'liqni saqlash sug'urtangiz bormi?,Та эрүүл мэндийн даатгалтай юу?,您有健康保险吗？,건강보험/보험증/가입,N이/가 있으십니까?,건강보험 확인,외국인 건강보험 안내,미가입 시 본인부담 설명,K3,I2,말하기/객관식,V1,1,v0.2,Tue Jul 08 2025 16:00:00 GMT+0900 (Korean Standard Time),Tue Jul 08 2025 16:00:00 GMT+0900 (Korean Standard Time)
ADMIN-001,administration,주민센터,1,1,번호표를 뽑으세요.,번호표를 뽑아 주십시오.,번호표를 뽑고 대기해 주시기 바랍니다.,Please take a number and wait.,Vui lòng lấy số thứ tự và chờ đợi.,Raqam oling va kuting.,Дугаар аваад хүлээнэ үү.,请取号等候。,번호표/대기/순서,V-(으)세요,공공기관 첫 번째 안내,자동발매기 사용법 설명,대기 시간 안내,K1,I1,말하기/듣기,V1,1,v0.2,Tue Jul 08 2025 16:00:00 GMT+0900 (Korean Standard Time),Tue Jul 08 2025 16:00:00 GMT+0900 (Korean Standard Time)
ADMIN-002,administration,외국인등록,2,1,외국인등록증을 신청해요.,외국인등록증을 신청하겠습니다.,외국인등록증 발급 신청을 하러 왔습니다.,I would like to apply for an Alien Registration Card.,Tôi muốn đăng ký thẻ cư trú ngoài quốc tịch.,Men chet el fuqarosi guvohnomasi uchun ariza bermoqchiman.,Би гадаадын иргэний үнэмлэх авахаар ирлээ.,我想申请外国人登录证。,외국인등록증/신청/발급,N을/를 신청하겠습니다,외국인등록증 신청,입국 후 90일 이내 필수,필요 서류 목록 안내,K4,I2,말하기/객관식,V1,1,v0.2,Tue Jul 08 2025 16:00:00 GMT+0900 (Korean Standard Time),Tue Jul 08 2025 16:00:00 GMT+0900 (Korean Standard Time)
ADMIN-003,administration,체류연장,3,1,비자를 연장하고 싶어요.,체류기간을 연장하고 싶습니다.,체류기간 연장 신청을 하러 왔습니다.,I would like to extend my stay.,Tôi muốn gia hạn thị thực.,Men viza muddatini uzaytirmoqchiman.,Би визний хугацаа сунгуулахаар ирлээ.,我想延长签证。,비자/체류/연장,V-고 싶습니다,체류기간 연장 신청,만료 전 신청 강조,필요 서류 사전 확인,K4,I2,말하기/빈칸,V1,1,v0.2,Tue Jul 08 2025 16:00:00 GMT+0900 (Korean Standard Time),Tue Jul 08 2025 16:00:00 GMT+0900 (Korean Standard Time)
ADMIN-004,administration,고용센터,7,1,일자리를 찾고 있어요.,구직 활동 중입니다.,취업 상담을 받고 싶습니다.,I am looking for a job.,Tôi đang tìm việc làm.,Men ish qidiryapman.,Би ажил хайж байна.,我在找工作。,구직/일자리/취업,V-고 있습니다,고용센터 방문 목적,구직 등록 절차 안내,취업 자격 확인,K3,I2,말하기/객관식,V1,1,v0.2,Tue Jul 08 2025 16:00:00 GMT+0900 (Korean Standard Time),Tue Jul 08 2025 16:00:00 GMT+0900 (Korean Standard Time)
ADMIN-005,administration,건강보험,8,1,건강보험에 가입하고 싶어요.,건강보험에 가입하고 싶습니다.,건강보험 가입 신청을 하러 왔습니다.,I would like to join the health insurance.,Tôi muốn đăng ký bảo hiểm y tế.,Men sog'liqni saqlash sug'urtasiga qo'shilmoqchiman.,Би эрүүл мэндийн даатгалд орохоор ирлээ.,我想加入健康保险。,건강보험/가입/신청,N에 가입하고 싶습니다,건강보험 가입 안내,직장 지역 구분 설명,보험료 계산 안내,K4,I2,말하기/빈칸,V1,1,v0.2,Tue Jul 08 2025 16:00:00 GMT+0900 (Korean Standard Time),Tue Jul 08 2025 16:00:00 GMT+0900 (Korean Standard Time)
ADMIN-006,administration,주민센터,1,2,서류를 발급해 주세요.,서류를 발급해 주시겠습니까?,해당 서류 발급을 신청하고 싶습니다.,I would like to request a document.,Tôi muốn xin cấp giấy tờ.,Hujjat olmoqchiman.,Би баримт бичиг авахыг хүсч байна.,我想申请文件。,서류/발급/신청,N을/를 발급해 주세요,서류 발급 신청,필요 서류 종류 확인,수수료 안내,K3,I2,말하기/객관식,V1,1,v0.2,Tue Jul 08 2025 16:00:00 GMT+0900 (Korean Standard Time),Tue Jul 08 2025 16:00:00 GMT+0900 (Korean Standard Time)
ADMIN-007,administration,은행,9,1,통장을 만들고 싶어요.,계좌를 개설하고 싶습니다.,은행 계좌 개설 신청을 하러 왔습니다.,I would like to open a bank account.,Tôi muốn mở tài khoản ngân hàng.,Bank hisobi ochmoqchiman.,Би банкны данс нээхийг хүсч байна.,我想开设银行账户。,통장/계좌/개설,N을/를 개설하고 싶습니다,은행 계좌 개설,신분증 지참 안내,최소 금액 확인,K4,I2,말하기/빈칸,V1,1,v0.2,Tue Jul 08 2025 16:00:00 GMT+0900 (Korean Standard Time),Tue Jul 08 2025 16:00:00 GMT+0900 (Korean Standard Time)
ADMIN-008,administration,은행,9,2,송금하고 싶어요.,해외 송금을 하고 싶습니다.,해외로 송금 신청을 하러 왔습니다.,I would like to send money abroad.,Tôi muốn chuyển tiền ra nước ngoài.,Xorijga pul o'tkazmoqchiman.,Би гадаадад мөнгө шилжүүлэхийг хүсч байна.,我想汇款到国外。,송금/해외/외환,N을/를 하고 싶습니다,해외 송금 신청,송금 수수료 안내,환율 확인 방법,K4,I2,말하기/객관식,V1,1,v0.2,Tue Jul 08 2025 16:00:00 GMT+0900 (Korean Standard Time),Tue Jul 08 2025 16:00:00 GMT+0900 (Korean Standard Time)
ADMIN-009,administration,출입국,3,2,체류 자격이 뭐예요?,체류 자격이 어떻게 됩니까?,현재 체류 자격을 확인해도 될까요?,What is your visa status?,Tình trạng visa của bạn là gì?,Viza holatingiz qanday?,Таны визний статус юу вэ?,您的签证状态是什么？,체류자격/비자/확인,체류 자격이 어떻게 됩니까?,체류 자격 확인,비자 종류 설명,체류 기간 확인,K4,I2,말하기/객관식,V1,1,v0.2,Tue Jul 08 2025 16:00:00 GMT+0900 (Korean Standard Time),Tue Jul 08 2025 16:00:00 GMT+0900 (Korean Standard Time)
ADMIN-010,administration,주민센터,1,3,주소를 바꿔야 해요.,주소를 변경해야 합니다.,주소지 변경 신고를 하러 왔습니다.,I need to change my address.,Tôi cần thay đổi địa chỉ.,Manzilimni o'zgartirish kerak.,Би хаягаа өөрчлөх хэрэгтэй.,我需要更改地址。,주소/변경/신고,V-아/어야 합니다,주소 변경 신고,이사 후 14일 이내 신고,외국인등록증 주소도 변경,K3,I2,말하기/빈칸,V1,1,v0.2,Tue Jul 08 2025 16:00:00 GMT+0900 (Korean Standard Time),Tue Jul 08 2025 16:00:00 GMT+0900 (Korean Standard Time)
BASIC-001,basic_korean,인사,1,1,안녕하세요.,안녕하세요. 처음 뵙겠습니다.,안녕하세요. 만나서 반갑습니다.,Hello. Nice to meet you.,Xin chào. Rất vui được gặp bạn.,Salom. Tanishganimdan xursandman.,Сайн байна уу. Таны танилцсандаа баяртай байна.,您好很高兴认识您。,인사/안녕/반갑다,안녕하세요,한국어 첫 인사,눈 맞춤과 함께 연습,상황별 인사 변형 연습,K1,I1,말하기/듣기,V1,1,v0.2,Tue Jul 08 2025 16:00:00 GMT+0900 (Korean Standard Time),Tue Jul 08 2025 16:00:00 GMT+0900 (Korean Standard Time)
BASIC-002,basic_korean,자기소개,2,1,저는 베트남 사람이에요.,저는 베트남에서 왔습니다.,저는 베트남 출신입니다.,I am from Vietnam.,Tôi là người Việt Nam.,Men Vietnamlikman.,Би Вьетнамаас ирсэн.,我来自越南。,국적/출신/나라,저는 N에서 왔습니다,국적 자기소개,다양한 국가명 연습,나라 이름 발음 연습,K1,I1,말하기/듣기,V1,1,v0.2,Tue Jul 08 2025 16:00:00 GMT+0900 (Korean Standard Time),Tue Jul 08 2025 16:00:00 GMT+0900 (Korean Standard Time)
BASIC-003,basic_korean,요청,6,1,도와주세요.,도움을 받을 수 있을까요?,실례지만 도움을 받을 수 있을까요?,Could you please help me?,Bạn có thể giúp tôi được không?,Menga yordam bera olasizmi?,Надад туслаач.,您能帮帮我吗？,도움/요청/부탁,도움을 받을 수 있을까요?,도움 요청 기본 표현,상황별 요청 표현 연습,정중한 표현 강조,K1,I1,말하기/듣기,V1,1,v0.2,Tue Jul 08 2025 16:00:00 GMT+0900 (Korean Standard Time),Tue Jul 08 2025 16:00:00 GMT+0900 (Korean Standard Time)
BASIC-004,basic_korean,숫자,3,1,전화번호가 뭐예요?,전화번호가 어떻게 되십니까?,연락처 전화번호를 알려 주시겠습니까?,What is your phone number?,Số điện thoại của bạn là gì?,Telefon raqamingiz nima?,Таны утасны дугаар юу вэ?,您的电话号码是什么？,전화번호/연락처/숫자,전화번호가 어떻게 됩니까?,연락처 확인,숫자 0-9 발음 연습,전화번호 읽기 연습,K1,I1,말하기/듣기,V1,1,v0.2,Tue Jul 08 2025 16:00:00 GMT+0900 (Korean Standard Time),Tue Jul 08 2025 16:00:00 GMT+0900 (Korean Standard Time)
BASIC-005,basic_korean,시간,4,1,몇 시예요?,지금 몇 시입니까?,현재 시각이 어떻게 됩니까?,What time is it now?,Mấy giờ rồi?,Hozir soat necha?,Одоо хэдэн цаг вэ?,现在几点了？,시간/몇 시/현재,몇 시입니까?,시간 묻기 기본,시계 보여주며 연습,오전 오후 구분,K1,I1,말하기/듣기,V1,1,v0.2,Tue Jul 08 2025 16:00:00 GMT+0900 (Korean Standard Time),Tue Jul 08 2025 16:00:00 GMT+0900 (Korean Standard Time)
BASIC-006,basic_korean,장소,5,1,어디예요?,이 장소가 어디입니까?,여기가 어디인지 알 수 있을까요?,Where am I?,Đây là đâu?,Bu qayerda?,Энд хаана байна вэ?,这是哪里？,장소/어디/위치,어디입니까?,장소 확인,지도 앱 연계,길 찾기 표현 연습,K1,I1,말하기/듣기,V1,1,v0.2,Tue Jul 08 2025 16:00:00 GMT+0900 (Korean Standard Time),Tue Jul 08 2025 16:00:00 GMT+0900 (Korean Standard Time)
BASIC-007,basic_korean,확인,7,1,맞아요?,이것이 맞습니까?,이 내용이 맞는지 확인해 주실 수 있습니까?,Is this correct?,Cái này có đúng không?,Bu to'g'rimi?,Энэ зөв үү?,这是正确的吗？,확인/맞다/틀리다,이것이 맞습니까?,확인 요청 기본,맞다 틀리다 모두 연습,중요 서류 확인 연계,K1,I1,말하기/듣기,V1,1,v0.2,Tue Jul 08 2025 16:00:00 GMT+0900 (Korean Standard Time),Tue Jul 08 2025 16:00:00 GMT+0900 (Korean Standard Time)
BASIC-008,basic_korean,긴급상황,11,1,살려주세요!,도와주세요! 위험합니다.,긴급 상황입니다. 도움이 필요합니다.,Help me! Emergency!,Cứu tôi với! Khẩn cấp!,Yordam bering! Favqulodda vaziyat!,Тусал! Яаралтай!,救命！紧急情况！,긴급/위험/도움,도움이 필요합니다,긴급 상황 표현,112 119 번호 연습,큰 소리로 연습,K1,I1,말하기/듣기,V1,1,v0.2,Tue Jul 08 2025 16:00:00 GMT+0900 (Korean Standard Time),Tue Jul 08 2025 16:00:00 GMT+0900 (Korean Standard Time)
BASIC-009,basic_korean,감사,12,1,감사해요.,감사합니다.,대단히 감사합니다.,Thank you very much.,Cảm ơn bạn rất nhiều.,Ko'p rahmat.,Их баярлалаа.,非常感谢。,감사/고맙다/인사,감사합니다,감사 표현,상황별 감사 표현 연습,눈 맞춤과 함께,K1,I1,말하기/듣기,V1,1,v0.2,Tue Jul 08 2025 16:00:00 GMT+0900 (Korean Standard Time),Tue Jul 08 2025 16:00:00 GMT+0900 (Korean Standard Time)
BASIC-010,basic_korean,사과,12,2,미안해요.,죄송합니다.,대단히 죄송합니다.,I am very sorry.,Tôi rất xin lỗi.,Kechirasiz.,Уучлаарай.,非常抱歉。,미안/죄송/사과,죄송합니다,사과 표현,상황별 사과 표현 연습,정중한 표현 강조,K1,I1,말하기/듣기,V1,1,v0.2,Tue Jul 08 2025 16:00:00 GMT+0900 (Korean Standard Time),Tue Jul 08 2025 16:00:00 GMT+0900 (Korean Standard Time)
BASIC-011,basic_korean,자기소개,2,2,제 이름은 OOO이에요.,제 이름은 OOO입니다.,저는 OOO라고 합니다.,My name is OOO.,Tên tôi là OOO.,Mening ismim OOO.,Миний нэр OOO.,我叫OOO。,이름/소개/저는,제 이름은 N입니다,이름 자기소개,이름 쓰기 연습,외국 이름 한국어 표기 연습,K1,I1,말하기/듣기,V1,1,v0.2,Tue Jul 08 2025 16:00:00 GMT+0900 (Korean Standard Time),Tue Jul 08 2025 16:00:00 GMT+0900 (Korean Standard Time)
BASIC-012,basic_korean,숫자,3,2,이거 얼마예요?,이것이 얼마입니까?,이 물건의 가격이 얼마입니까?,How much is this?,Cái này giá bao nhiêu?,Bu qancha turadi?,Энэ хэд вэ?,这个多少钱？,가격/얼마/숫자,N이/가 얼마입니까?,가격 묻기 기본,숫자 단위 연습,흥정 표현 연계,K1,I1,말하기/듣기,V1,1,v0.2,Tue Jul 08 2025 16:00:00 GMT+0900 (Korean Standard Time),Tue Jul 08 2025 16:00:00 GMT+0900 (Korean Standard Time)
BASIC-013,basic_korean,거절,10,1,싫어요.,괜찮습니다.,죄송하지만 사양하겠습니다.,No thank you.,Không cần thiết.,Yo'q rahmat.,Үгүй баярлалаа.,不用了谢谢。,거절/사양/괜찮다,괜찮습니다,정중한 거절 표현,상황별 거절 연습,강압적 거절 표현 주의,K1,I1,말하기/듣기,V1,1,v0.2,Tue Jul 08 2025 16:00:00 GMT+0900 (Korean Standard Time),Tue Jul 08 2025 16:00:00 GMT+0900 (Korean Standard Time)
BASIC-014,basic_korean,방향,5,2,어떻게 가요?,어떻게 가면 됩니까?,이 장소까지 어떻게 가면 됩니까?,How do I get there?,Làm thế nào để đến đó?,U yerga qanday borish kerak?,Тэнд хэрхэн очих вэ?,怎么去那里？,방향/어떻게/가다,어떻게 V-면 됩니까?,길 묻기 기본,지하철 버스 표현 연계,지도 보여주며 설명,K2,I1,말하기/듣기,V1,1,v0.2,Tue Jul 08 2025 16:00:00 GMT+0900 (Korean Standard Time),Tue Jul 08 2025 16:00:00 GMT+0900 (Korean Standard Time)
BASIC-015,basic_korean,전화,14,1,전화해 주세요.,전화해 주시겠습니까?,연락 주시면 감사하겠습니다.,Please call me.,Vui lòng gọi điện cho tôi.,Menga qo'ng'iroq qiling.,Надад утасдана уу.,请给我打电话。,전화/연락/부탁,V-아/어 주세요,전화 요청 표현,번호 교환 연습,문자 표현 연계,K2,I1,말하기/듣기,V1,1,v0.2,Tue Jul 08 2025 16:00:00 GMT+0900 (Korean Standard Time),Tue Jul 08 2025 16:00:00 GMT+0900 (Korean Standard Time)